Section,Title,Description,Example Queries,Keywords,,,,,,,,
299,Culpable Homicide,Causing death with intention or knowledge.,"My neighbor accidentally killed someone during a fight, is that culpable homicide?; Someone caused a death without meaning to, what law applies?; Difference between accidental and intentional killing?; Can I be punished for causing death in a quarrel?; Example cases of culpable homicide in real life?",culpable homicide,death,intention,,,,,,
300,Murder,Culpable homicide amounting to murder.,"Someone planned and killed a person, what will happen legally?; My friend intentionally killed someone, is this murder?; Are there exceptions where intentional killing is not murder?; How is murder punished under IPC?; Famous cases of murder in India?",murder,culpable homicide,IPC,,,,,,
301,Culpable Homicide by Causing Death of Person Other Than Intended,Causing death of a person other than the one intended.,"I tried to harm one person but another died, what law applies?; What happens if someone dies accidentally while I intended to harm someone else?; Am I liable if I kill the wrong person?; Real examples of unintended death by my actions?; Difference between this and normal culpable homicide?",culpable homicide,unintended death,,,,,,,
302,Punishment for Murder,Punishment for murder.,What happens if someone commits murder?; Can murder result in the death penalty?; How long can a person be jailed for murder?; Are there cases where murder punishment is reduced?; Examples of punishments for murder cases?,murder,punishment,IPC,,,,,,
303,Punishment for Murder by Life Convict,Punishment for murder by a life convict.,What happens if a life convict commits murder?; Why is punishment for murder by a life convict stricter?; Is this section still used in India?; Difference in punishment between normal murder and murder by life convict?; Example cases of IPC 303?,murder,life convict,punishment,,,,,,
304,Punishment for Culpable Homicide Not Amounting to Murder,Punishment for culpable homicide not amounting to murder.,"Someone caused death but it’s not murder, what punishment applies?; How is IPC 304 different from murder?; Real examples of culpable homicide under IPC 304?; Factors deciding if a death is under IPC 304?; Difference between Part I and Part II of Section 304?",culpable homicide,punishment,,,,,,,
304A,Causing Death by Negligence,Causing death by negligence.,"A driver caused a fatal accident, can they be punished under IPC 304A?; Can doctors be prosecuted for medical negligence?; Difference between rash driving causing death and murder?; Examples of negligence leading to death?; What punishment applies for negligence causing death?",negligence,death,IPC,,,,,,
304B,Dowry Death,Death caused by burns or bodily injury within 7 years of marriage subject to dowry harassment.,"My sister died due to dowry harassment, what law applies?; What is the punishment for dowry death?; Difference between dowry death and murder?; Conditions to prove dowry death under IPC 304B?; Famous dowry death cases?",dowry death,marriage,harassment,,,,,,
305,Abetment of Suicide of Child or Insane Person,Abetment of suicide of a child or insane person.,"Someone encouraged a child to commit suicide, what law applies?; What punishment is there for abetting suicide of an insane person?; Difference between IPC 305 and 306?; Examples of child suicide abetment cases?; Why is IPC 305 considered more serious?",suicide,abetment,child,insane person,,,,,
306,Abetment of Suicide,Abetment of suicide.,"Someone was harassed and committed suicide, is abetment involved?; What punishment applies under IPC 306?; Difference between IPC 305 and 306?; Can mental harassment count as abetment?; Examples of abetment of suicide cases?",suicide,abetment,,,,,,,
307,Attempt to Murder,Attempt to murder.,"My neighbor tried to kill someone but failed, what law applies?; What is the punishment for attempted murder?; Difference between attempted murder and actual murder?; What evidence is needed to prove attempt to murder?; Case examples of attempt to murder?",attempt,murder,IPC,,,,,,
308,Attempt to Commit Culpable Homicide,Attempt to commit culpable homicide.,"Someone tried to harm someone but didn’t succeed, what section applies?; Punishment for attempt to commit culpable homicide?; Difference between IPC 308 and IPC 307?; Factors deciding whether it’s IPC 308 or IPC 307?; Examples of failed homicide attempts?",attempt,culpable homicide,,,,,,,
309,Attempt to Commit Suicide,Attempt to commit suicide.,"I tried to commit suicide but failed, am I punishable?; Is attempting suicide illegal under IPC 309?; Difference between IPC 309 and IPC 306?; Has IPC 309 been decriminalized?; Examples of legal action on suicide attempts?",suicide,attempt,,,,,,,
310,Adultery,Voluntary sexual intercourse with a married woman without her husband's consent.,"Someone had a relationship with a married woman, is this adultery?; What was the punishment for adultery?; Is adultery still a crime in India?; Difference between adultery and rape?; Example Supreme Court cases on adultery?",adultery,marriage,consent,,,,,,
311,Punishment for Abetment,Punishment for abetment.,"Someone helped commit a crime indirectly, what punishment applies?; Difference between abetment and direct crime?; Examples of abetment punishments?; Maximum punishment under IPC 311?; How is IPC 311 applied in real cases?",abetment,punishment,,,,,,,
312,Causing Miscarriage,Causing miscarriage without woman's consent.,"Someone caused miscarriage without consent, what law applies?; Punishment under Section 312 IPC?; Difference between IPC 312 and 313?; Examples of miscarriage cases under IPC 312?; Are there exceptions for causing miscarriage?",miscarriage,consent,,,,,,,
313,Causing Miscarriage Without Woman's Consent,Causing miscarriage without woman's consent.,What is the law for causing miscarriage without consent?; How is punishment different from IPC 312?; Why is IPC 313 more serious?; Examples of legal cases under IPC 313?; Difference between IPC 312 and IPC 313?,miscarriage,woman's consent,,,,,,,
314,Death Caused by Act Done with Intent to Cause Miscarriage,Death caused by act done with intent to cause miscarriage.,"A woman died after someone tried to cause a miscarriage, what law applies?; What is the punishment if death occurs while attempting abortion?; How is this different from regular abortion laws?; Can intent be proven in miscarriage-related death?; Example cases of death caused by abortion attempts?",death,miscarriage,intent,,,,,,
315,Act Done with Intent to Cause Abortion,Act done with intent to cause abortion.,"Someone tried to abort a pregnancy intentionally, what law applies?; Is it punishable to attempt abortion with intent?; Difference between lawful and unlawful abortion under the law?; What punishment is prescribed under Section 315?; Real-life examples of intent-based abortion cases?",abortion,intent,,,,,,,
316,Causing Death by Act Done with Intent to Cause Abortion,Causing death by act done with intent to cause abortion.,"A person caused death while attempting abortion, what section applies?; How is Section 316 different from 314?; What punishment is given if death occurs in abortion attempt?; Can accidental death during abortion be treated differently?; Example case under Section 316 IPC?",death,abortion,intent,,,,,,
317,Exposure and Abandonment of Child Under Twelve Years,Exposure and abandonment of child under twelve years.,"Someone left a 10-year-old child alone in the street, is this punishable?; What law applies if a child under 12 is abandoned?; Can parents be punished for abandoning a child?; Real-life examples of child abandonment?; Difference between neglect and abandonment under IPC?",child,exposure,abandonment,,,,,,
318,Concealment of Birth by Secret Disposal of Dead Body,Concealment of birth by secret disposal of dead body.,"A parent secretly disposed of a newborn, what law applies?; Is hiding a dead body punishable?; Difference between abandonment and concealment of birth?; What punishment does IPC 318 prescribe?; Can someone be charged for concealing a birth if the baby was stillborn?",birth,concealment,dead body,,,,,,
319,Grievous Hurt,Hurt which endangers life or causes serious harm.,"Someone injured another person seriously, what is considered grievous hurt?; How is grievous hurt different from simple hurt?; What punishment applies for grievous hurt?; Can minor injuries be treated as grievous hurt?; Real-life examples of grievous hurt cases?",grievous hurt,injury,,,,,,,
320,Grievous Hurt – List of Injuries,List of injuries that are considered grievous.,What injuries are listed under grievous hurt?; Is fracture considered grievous hurt?; Difference between IPC 320 and 319?; Real-life cases of listed grievous injuries?; Can any injury be considered grievous hurt?,grievous hurt,injuries,,,,,,,
321,Voluntarily Causing Hurt,Voluntarily causing hurt.,"Someone intentionally caused minor injury, which section applies?; How is voluntary hurt punished?; Difference between voluntary and involuntary hurt?; Example of voluntarily causing hurt in real life?; What punishment can someone get for voluntary hurt?",hurt,voluntary,causing,,,,,,
322,Voluntarily Causing Grievous Hurt,Voluntarily causing grievous hurt.,"Someone intentionally caused serious injury, what section applies?; What is the punishment for causing grievous hurt voluntarily?; Difference between 321 and 322 IPC?; Example of voluntary grievous hurt; Does intent matter for Section 322 cases?",grievous hurt,voluntary,,,,,,,
323,Punishment for Hurt,Punishment for hurt.,What is the punishment for voluntarily causing hurt?; How is hurt different from grievous hurt?; Can punishment vary depending on injury severity?; Real-life examples of hurt punishment cases?; Is there a maximum sentence for causing hurt under IPC?,hurt,punishment,,,,,,,
324,Voluntarily Causing Hurt by Dangerous Weapons or Means,Voluntarily causing hurt by dangerous weapons or means.,"Someone used a weapon to injure another person, what law applies?; What is the punishment for causing hurt by weapon?; How are dangerous means defined under IPC 324?; Examples of Section 324 cases?; Difference between 321 and 324?",hurt,dangerous weapons,,,,,,,
325,Punishment for Voluntarily Causing Grievous Hurt,Punishment for voluntarily causing grievous hurt.,What punishment applies for causing grievous hurt voluntarily?; Can serious injury lead to higher sentences?; Difference between 322 and 325?; Real-life 325 cases?; Maximum punishment for voluntary grievous hurt?,grievous hurt,punishment,,,,,,,
326,Voluntarily Causing Grievous Hurt by Dangerous Weapons or Means,Voluntarily causing grievous hurt by dangerous weapons or means.,"Someone used a weapon and caused grievous hurt, which law applies?; Difference between 325 and 326?; What is the punishment for Section 326?; Examples of cases involving dangerous weapons?; Are certain weapons treated more severely under IPC 326?",grievous hurt,dangerous weapons,,,,,,,
326A,Causing Hurt by Acid Attack,Causing hurt by acid attack.,"A person threw acid on someone, what punishment applies?; Is acid attack treated differently from other grievous hurt?; Difference between 326A and 326B?; Examples of acid attack cases?; What punishment is prescribed under IPC 326A?",acid attack,hurt,,,,,,,
326B,Throwing Acid with Intent to Cause Hurt,Throwing acid with intent to cause hurt.,"Someone threw acid intending to injure, what law applies?; Difference between 326A and 326B?; Punishment for intentional acid attack?; Real acid attack case example?; How is intent proven under Section 326B?",acid,throwing,intent,,,,,,
327,Causing Hurt by Poisonous Substance,Causing hurt by poisonous substance.,"Someone poisoned another person, what law applies?; Difference between 327 and 328 IPC?; Punishment for poisoning?; Example of hurt by poison case?; Does intent matter when poisoning someone?",hurt,poisonous substance,,,,,,,
328,Causing Hurt by Means of Poison, Stupefying or Intoxicating Substances,Causing hurt by means of poison, stupefying or intoxicating substances.,"Someone used poison or intoxicants to hurt, what section applies?; Difference between 327 and 328?; Punishment for causing hurt by poison or intoxicants?; Real-life poisoning case?; Is intent required under Section 328?",hurt,poison,stupefying substance,,,,
329,Causing Hurt by Means of Poisonous Substance,Causing hurt by means of poisonous substance.,"Someone hurt another by poisonous substance, what law applies?; Difference between 328 and 329 IPC?; Punishment under Section 329?; Are there specific rules for poisonous substances?; Example case under Section 329?",hurt,poisonous substance,,,,,,,
330,Causing Hurt to Extort Confession or to Compel Restoration of Property,Causing hurt to extort confession or compel restoration of property.,"Someone injured another to force confession, what section applies?; Punishment for hurting to extort?; Difference between Sections 330 and 331?; Real-life Section 330 examples?; Does intent affect punishment in Section 330?",hurt,extortion,confession,,,,,,
331,Causing Hurt to Extort Confession or to Compel Restoration of Property,Causing hurt to extort confession or compel restoration of property.,"Someone caused injury to force return of property, what law applies?; Punishment under Section 331?; Difference between 330 and 331?; Real-life extortion by hurt examples?; Are there maximum punishments under Section 331?",hurt,extortion,confession,,,,,,
332,Voluntarily Causing Hurt to Deter Public Servant from His Duty,Voluntarily causing hurt to deter public servant from his duty.,"Someone injured a public servant to stop them from duty, what law applies?; Punishment under Section 332?; Difference between 332 and 333?; Example cases under Section 332?; Is intent required for Section 332?",hurt,public servant,,,,,,,
333,Voluntarily Causing Hurt to Deter Public Servant from His Duty,Voluntarily causing hurt to deter public servant from his duty.,"Someone hurt a public servant to prevent duty, what law applies?; Punishment under Section 333?; Difference between 332 and 333?; Real-life cases of public servant hurt?; Is intent necessary for Section 333?",hurt,public servant,,,,,,,
334,Causing Hurt on Provocation,Causing hurt on provocation.,"Someone injured another in a sudden quarrel, is it punishable?; Difference between 334 and 335?; Example of hurt on provocation?; Punishment under Section 334?; Does provocation reduce sentence?",hurt,provocation,,,,,,,
335,Causing Hurt on Provocation,Causing hurt on provocation.,"A person acted violently after being provoked, what law applies?; Difference between 334 and 335?; Real-life examples of hurt on provocation?; Punishment under Section 335?; Can provocation affect sentence?",hurt,provocation,,,,,,,
336,Act Endangering Life or Personal Safety of Others,Act endangering life or personal safety of others.,"Someone fired a gun recklessly, endangering others, what law applies?; Punishment under Section 336?; Difference between 336 and 337?; Real-life examples of endangerment?; What acts fall under Section 336?",endangerment,life,safety,,,,,,
337,Causing Hurt by Act Endangering Life or Personal Safety of Others,Causing hurt by act endangering life or personal safety of others.,"Someone caused injury while endangering life, what section applies?; Punishment under Section 337?; Difference between 337 and 338?; Example cases under Section 337?; Is intent required for Section 337?",hurt,endangerment,,,,,,,
338,Causing Grievous Hurt by Act Endangering Life or Personal Safety of Others,Causing grievous hurt by act endangering life or personal safety of others.,"Someone caused serious injury while endangering life, what law applies?; Difference between 337 and 338?; Punishment under Section 338?; Real-life examples of grievous hurt?; Is intent necessary?",grievous hurt,endangerment,,,,,,,
339,Wrongful Restraint,Wrongful restraint.,"Someone blocked another person’s path forcibly, what law applies?; Difference between 339 and 340?; Punishment under Section 339?; Example cases of wrongful restraint?; Can restraint be justified?",restraint,wrongful,,,,,,,
340,Wrongful Confinement,Wrongful confinement.,"Someone locked another person in a room without consent, what law applies?; Difference between 340 and 341?; Punishment under Section 340?; Real-life examples of wrongful confinement?; Is intent necessary for confinement?",confinement,wrongful,,,,,,,
Section,Title,Description,Example Queries,Keywords,,,,,,,,
341,Punishment for Wrongful Restraint,Punishment for wrongful restraint.,"Someone restrained another person illegally, what is the punishment?; Difference between 341 and 342?; Real-life cases of wrongful restraint punishment?; Maximum punishment under Section 341?; How does intent affect punishment?",restraint,punishment,,,,,,,
342,Punishment for Wrongful Confinement,Punishment for wrongful confinement.,"Someone locked a person unlawfully, what punishment applies?; Difference between 342 and 341?; Example cases of Section 342?; Maximum jail term under Section 342?; Is intent required for punishment?",confinement,punishment,,,,,,,
343,Wrongful Confinement for Three or More Days,Wrongful confinement for three or more days.,"Someone confined another person for 3+ days illegally, what law applies?; Difference between Sections 342 and 343?; Real-life cases of confinement for multiple days?; Punishment under Section 343?; Does duration affect sentencing?",confinement,wrongful,,,,,,,
344,Wrongful Confinement for Ten or More Days,Wrongful confinement for ten or more days.,"Someone confined another person for 10+ days, which section applies?; Difference between 343 and 344?; Real-life examples of long confinement?; Punishment under Section 344?; Does severity increase with duration?",confinement,wrongful,,,,,,,
345,Wrongful Confinement in Secret,Wrongful confinement in secret.,"Someone secretly confined another person, what law applies?; Difference between 344 and 345?; Real-life examples of secret confinement?; Punishment under Section 345?; Is intent needed for Section 345?",confinement,secret,,,,,,,
346,Wrongful Confinement in Secret,Wrongful confinement in secret.,"A person was secretly locked away, what law applies?; Difference between 345 and 346?; Real-life cases of secret confinement?; Punishment under Section 346?; Does secrecy increase punishment?",confinement,secret,,,,,,,
347,Wrongful Confinement in Secret,Wrongful confinement in secret.,"Someone was secretly confined by another person, what section applies?; Difference between 346 and 347?; Punishment under Section 347?; Real-life examples of secret confinement?; Does intent affect punishment?",confinement,secret,,,,,,,
348,Wrongful Confinement in Secret,Wrongful confinement in secret.,"Person confined someone secretly, what law applies?; Difference between 347 and 348?; Examples of secret confinement cases?; Punishment under Section 348?; Does duration matter?",confinement,secret,,,,,,,
349,Force,Force.,"Someone used force to make another act against their will, what law applies?; Difference between force and assault?; Punishment for using force?; Real-life cases of illegal force?; Is consent relevant in Section 349?",force,,,,,,,,
350,Assault,Assault.,"Someone attacked another person, what law applies?; Difference between assault and hurt?; Punishment under Section 350?; Real-life examples of assault cases?; Does intent matter?",assault,,,,,,,,
351,Assault,Assault.,"Someone threatened or physically attacked another, what section applies?; Difference between 350 and 351?; Punishment under Section 351?; Examples of Section 351 cases?; Can minor injury be considered assault?",assault,,,,,,,,
352,Punishment for Assault or Criminal Force,Punishment for assault or criminal force.,"Someone used criminal force, what punishment applies?; Difference between 351 and 352?; Real-life cases under Section 352?; Maximum punishment for assault?; Does intent affect sentencing?",assault,punishment,,,,,,,
353,Assault or Criminal Force to Deter Public Servant from Discharge of His Duty,Assault or criminal force to deter public servant from discharge of his duty.,"Someone attacked a public servant to prevent duty, which law applies?; Punishment under Section 353?; Difference between 353 and 354?; Real-life cases?; Is intent necessary?",assault,public servant,,,,,,,
354,Assault or Criminal Force to Woman with Intent to Outrage Her Modesty,Assault or criminal force to woman with intent to outrage her modesty.,"Someone assaulted a woman to outrage her modesty, what section applies?; Difference between 354 and 354A?; Punishment under Section 354?; Real-life examples of Section 354?; How is intent proven?",assault,woman,modesty,,,,,,
354A,Sexual Harassment,Sexual harassment of a woman including physical contact, advances, or showing pornography.,"Someone harassed a woman sexually, what law applies?; Difference between 354 and 354A?; Punishment under Section 354A?; Examples of sexual harassment cases?; Does intent affect punishment?",sexual harassment,woman,IPC,,,,
354B,Assault or Use of Criminal Force to Woman with Intent to Disrobe,Assaulting or using criminal force on a woman with intent to disrobe her.,"Someone tried to disrobe a woman forcibly, what section applies?; Punishment under Section 354B?; Real-life cases of 354B?; Difference between 354B and 354C?; Is intent required?",assault,criminal force,disrobe,woman,,,,,
354C,Voyeurism,Watching or capturing images of a woman engaging in private acts without consent.,"Someone recorded a woman secretly, what law applies?; Difference between 354C and 354D?; Punishment under Section 354C?; Examples of voyeurism cases?; Is consent relevant?",voyeurism,privacy,woman,,,,,,
354D,Stalking,Following a woman or contacting her repeatedly to harass or alarm her.,"Someone followed a woman repeatedly to harass, which law applies?; Punishment under Section 354D?; Difference between 354C and 354D?; Real-life stalking cases?; Does repeated contact matter?",stalking,harassment,woman,,,,,,
355,Assault or Criminal Force with Intent to Dishonour Person Otherwise Than on Grave Provocation,Using assault or criminal force with the intent to dishonour a person in situations other than grave provocation.,"Someone assaulted to dishonour another person, which law applies?; Punishment under Section 355?; Difference between 355 and 356?; Real-life examples?; Is intent required?",assault,criminal force,dishonour,IPC,,,,,
356,Assault or criminal force in attempt to commit theft of property carried by a person,Assault or use of criminal force while attempting to steal property carried by someone.,"Someone assaulted to steal property, what law applies?; Punishment under Section 356?; Difference between 356 and 357?; Real-life cases?; Does intent affect punishment?",assault,theft,property,,,,,,
357,Assault or criminal force in attempting wrongfully to confine a person,Assault or use of criminal force while attempting to wrongfully confine someone.,"Someone assaulted while attempting wrongful confinement, which law applies?; Punishment under Section 357?; Difference between 357 and 358?; Real-life cases?; Does duration of attempt matter?",assault,confinement,wrongful,,,,,,
358,Assault or criminal force on grave provocation,Assault or use of criminal force on grave and sudden provocation.,"Someone assaulted under sudden provocation, what law applies?; Difference between 358 and 355?; Punishment under Section 358?; Real-life provocation assault cases?; Does provocation reduce punishment?",assault,provocation,grave,,,,,,
359,Kidnapping,Taking or enticing someone away without consent.,"My neighbor’s kid got kidnapped, what law applies?; Punishment for kidnapping under Section 359?; Difference between 359 and 360?; Real-life kidnapping cases?; Can consent of minor change law application?",kidnapping,consent,abduction,,,,,,
360,Kidnapping from India,Taking someone away from India without consent.,"Someone took a person abroad forcibly, what law applies?; Difference between 359 and 360?; Punishment under Section 360?; Real-life international kidnapping cases?; Does consent matter?",kidnapping,India,consent,,,,,,
361,Kidnapping from lawful guardianship,Taking someone away from their lawful guardian without consent.,"A child was taken from parents without permission, what section applies?; Punishment under Section 361?; Difference between 361 and 362?; Real-life cases?; Does intent matter?",kidnapping,guardianship,consent,,,,,,
362,Abduction,Forcibly or deceitfully taking someone away.,"Someone was taken away by force, what law applies?; Difference between 362 and 361?; Punishment under Section 362?; Real-life abduction cases?; Is deception relevant?",abduction,force,deceit,,,,,,
363,Punishment for kidnapping,Punishment for kidnapping.,"Someone kidnapped another, what punishment applies?; Difference between 363 and 364?; Real-life cases?; Maximum punishment under Section 363?; Does intent affect sentence?",kidnapping,punishment,,,,,,,
364,Kidnapping or abducting in order to murder,Kidnapping or abducting someone with the intent to murder.,"Someone kidnapped with intent to kill, what section applies?; Punishment under Section 364?; Difference between 364 and 365?; Real-life cases of murder kidnapping?; Is intent proven in court?",kidnapping,abduction,murder,,,,,,
365,Kidnapping or abducting with intent to secretly and wrongfully confine person,Kidnapping or abducting someone with the intent to secretly and wrongfully confine them.,"Someone kidnapped to confine another, which law applies?; Punishment under Section 365?; Difference between 365 and 364?; Real-life cases?; Does secrecy affect punishment?",kidnapping,abduction,confinement,,,,,,
366,Kidnapping abducting or inducing woman to compel her marriage,Kidnapping, abducting, or inducing a woman to compel her marriage or to force her into illicit intercourse.,"Someone abducted a woman to force marriage, what law applies?; Punishment under Section 366?; Difference between 366 and 367?; Real-life abduction cases?; Does consent affect Section 366?",kidnapping,woman,marriage,,,,
367,Kidnapping abducting or inducing woman to compel her marriage,Similar to Section 366, further detailing abduction or inducement.,"Someone abducted a woman to compel her marriage, which law applies?; Punishment under Section 367?; Difference from Section 366?; Real-life examples?; Is intent essential?",kidnapping,woman,marriage,,,,,
368,Kidnapping abducting or inducing child under 16 to steal,Similar to Section 367 but for minors.,"Someone abducted a child under 16 to steal, what law applies?; Punishment under Section 368?; Difference between 368 and 367?; Real-life cases?; Does age affect Section 368 application?",kidnapping,child,stealing,,,,,,
369,Kidnapping or abducting child under 10 years,Abduction or kidnapping of a child under 10 years.,"Someone took a child under 10 forcibly, which law applies?; Punishment under Section 369?; Difference between 369 and 368?; Real-life cases of child abduction?; Does intent matter?",kidnapping,child,under10,,,,,,
370,Trafficking of Person,Trafficking a person for exploitation.,"Someone trafficked a person for exploitation, what law applies?; Punishment under Section 370?; Difference between 370 and 370A?; Real-life trafficking cases?; Does consent matter?",trafficking,person,exploitation,,,,,,
371,Unlawful Compulsory Labor,Forcing someone into labor without consent.,"Someone forced labor illegally, what section applies?; Punishment under Section 371?; Difference between 371 and 372?; Real-life forced labor cases?; Does consent affect punishment?",labor,unlawful,,,,,,,
372,Selling Minor for Prostitution,Sale of a minor for prostitution.,"Someone sold a minor for prostitution, what law applies?; Punishment under Section 372?; Difference between 372 and 373?; Real-life cases?; Does age matter?",minor,prostitution,sale,,,,,,
373,Buying Minor for Prostitution,Buying a minor for prostitution.,"Someone bought a minor for prostitution, which law applies?; Punishment under Section 373?; Difference between 372 and 373?; Real-life cases?; Does intent matter?",minor,prostitution,buy,,,,,,
374,Cruelty by Husband or Relatives,Cruelty by husband or relatives towards a woman.,"A woman faces cruelty from husband or relatives, what law applies?; Punishment under Section 374?; Difference between 374 and 375?; Real-life cases of cruelty?; Does intent matter?",cruelty,husband,relatives,,,,,,
375,Rape,Rape of a woman.,"Someone raped a woman, what section applies?; Punishment under Section 375?; Difference between 375 and 376?; Real-life rape cases?; Does consent matter?",rape,woman,,,,,,,
376,Punishment for Rape,Punishment for rape.,"Someone committed rape, what punishment applies?; Difference between 375 and 376?; Real-life Section 376 cases?; Maximum sentence for rape?; Does intent affect sentencing?",rape,punishment,,,,,,,
377,Unnatural Offences,Unnatural offences including sexual acts against order of nature.,"Someone committed an unnatural offence, which law applies?; Punishment under Section 377?; Real-life examples?; Difference between 377 and other sexual offence laws?; Does consent matter?",unnatural offences,sexual,IPC,,,,,,
,,,,,,,,,,,,
354D,Stalking (Including Cyber Stalking),Monitoring or contacting a woman through internet, email, or any form of electronic communication despite her disinterest.,What happens if someone keeps sending me messages online after I said no?; Can following someone’s Instagram stories repeatedly be stalking?; Is cyberstalking punishable under IPC?; Can WhatsApp harassment fall under IPC 354D?; Examples of cyberstalking cases?,stalking,cyberstalking,harassment,woman,online,,
499,Defamation,Making or publishing any false statement that harms reputation, including online/social media posts.,What if someone spreads lies about me on Facebook?; Can I sue for defamation on Twitter?; What counts as cyber defamation?; Is YouTube slander a defamation case?; Famous online defamation examples?,defamation,reputation,online,social media,false statements,,,
500,Punishment for Defamation,Provides punishment for defamation, including digital cases.,What is the punishment for online defamation?; Can jail be given for cyber defamation?; What’s the fine for IPC 500?; Can companies use IPC 500 for online trolls?; Case laws for IPC 500?,defamation,punishment,online,reputation,,,,
507,Criminal Intimidation by Anonymous Communication,Threats or blackmail via anonymous online messages, emails, or fake accounts.,What if I get death threats by email?; Can fake Instagram accounts used for blackmail be punished?; Is cyberbullying covered under IPC 507?; What does anonymous intimidation mean legally?; Examples of cyber intimidation cases?,intimidation,threats,anonymous,email,fake identity,,
509,Insulting the Modesty of a Woman,Insulting modesty of a woman through obscene words, gestures, or online acts.,Can obscene DMs be punished under IPC 509?; Is sending lewd memes to a woman online punishable?; What happens if a man insults a woman in a WhatsApp group?; Does IPC 509 apply to online videos?; Examples of IPC 509 cyber cases?,woman,modesty,obscene,harassment,insult,,
420,Cheating and Dishonestly Inducing Delivery of Property,Cheating through online scams, phishing, fake e-commerce frauds, crypto scams, etc.,Can I complain about an online shopping scam?; Is crypto fraud covered under IPC 420?; What about lottery scam emails?; Difference between online cheating and offline cheating?; Famous cyber fraud cases under 420?,cheating,fraud,phishing,online,scam
43 (IT Act),Penalty for Damage to Computer/Unauthorised Access,Penalty for unauthorized access, introducing viruses, destroying or altering data.,What happens if someone hacks into my system?; Can spreading a computer virus be punished?; What is Section 43 IT Act?; Real cyber breach examples under Section 43?; Difference between hacking and unauthorized access?,unauthorized access,virus,data,damage,hacking,,
65 (IT Act),Tampering with Computer Source Documents,Knowingly concealing, destroying, or altering computer source code.,What if someone deletes important source code?; Can altering logs to cover hacking be punished?; Is erasing CCTV code a Section 65 offence?; Examples of Section 65 IT Act cases?; Difference between Section 65 and Section 66?,tampering,source code,altering,logs,IT Act,,
66 (IT Act),Computer Related Offences,Broad section covering unauthorized access, data theft, spreading malware, etc.,What is Section 66 IT Act?; Can stealing computer files be punished?; Does Section 66 cover hacking?; Is unauthorized download of company files illegal?; Examples of Section 66 cybercrime cases?,hacking,data theft,unauthorized access,malware,,
66B (IT Act),Dishonestly Receiving Stolen Computer Resource,Receiving stolen laptops, phones, or digital data knowingly.,What if I buy a stolen laptop online?; Is knowingly using hacked data punishable?; What punishment applies under Section 66B?; Cases of stolen device reselling online?; Difference between IPC stolen goods and Section 66B?,stolen goods,computer resource,IT Act,,,,
66C (IT Act),Identity Theft,Fraudulently using another’s password, signature, or digital identity.,What if someone uses my Aadhaar details online?; Is stolen credit card use identity theft?; Can someone logging into my Facebook be punished?; Section 66C examples of cases?; Difference between identity theft and impersonation?,identity theft,password,impersonation,credentials,,,
66D (IT Act),Cheating by Personation Using Computer,Cheating by creating fake profiles, emails, websites to impersonate someone.,What if someone makes a fake Instagram to scam others?; Can I complain if someone impersonates me online?; Is phishing covered under 66D?; Difference between IPC 420 and IT Act 66D?; Examples of impersonation cases?,impersonation,phishing,scam,fake profiles,,,
66E (IT Act),Violation of Privacy,Capturing, publishing or transmitting images of a person’s private parts without consent.,Is leaking private photos without consent punishable?; What if someone circulates bathroom pictures?; Section 66E examples?; Is this different from IPC 354C voyeurism?; Famous privacy violation cases?,privacy,obscene,images,consent,,,,
66F (IT Act),Cyber Terrorism,Acts of cyber terrorism affecting sovereignty, integrity, or security of India.,Is hacking government websites cyber terrorism?; What punishment applies under Section 66F?; Can spreading fake news be cyber terrorism?; Examples of Section 66F?; Difference between normal hacking and cyber terrorism?,cyber terrorism,hacking,security,national,,,
67 (IT Act),Publishing or Transmitting Obscene Material,Publishing or transmitting obscene material in electronic form.,What if someone uploads obscene videos online?; Can obscene WhatsApp forwards be punished?; Section 67 case studies?; Difference between IPC 292 and IT Act 67?; What counts as obscene content digitally?,obscene,online,transmit,IT Act,,,,,
67A (IT Act),Publishing or Transmitting Sexually Explicit Content,Publishing or transmitting sexually explicit material.,Is sharing porn videos in groups punishable?; Section 67A punishment details?; Can OnlyFans users be booked?; Examples of Section 67A cases?; Difference between 67 and 67A?,sexually explicit,obscene,sex content,IT Act,,,,,
67B (IT Act),Child Pornography,Publishing, transmitting, browsing child porn material in electronic form.,Is downloading child porn illegal?; Can browsing child porn be punished?; Section 67B famous cases?; Difference between possessing and transmitting child porn?; Punishment for WhatsApp groups with child sexual content?,child porn,sexual abuse,online,IT Act,,,
